"Status","Start Time","Stop Time","Duration in ms","Parent Suite","Suite","Sub Suite","Test Class","Test Method","Name","Description"
"passed","Wed Jan 26 10:24:34 CST 2022","Wed Jan 26 10:24:35 CST 2022","1012","","test_xdist","TestCase1","","","test_baidu_search[b]",""
"passed","Wed Jan 26 10:24:35 CST 2022","Wed Jan 26 10:24:36 CST 2022","1008","","test_xdist","TestCase1","","","test_baidu_search[g]",""
"passed","Wed Jan 26 10:24:36 CST 2022","Wed Jan 26 10:24:37 CST 2022","1000","","test_xdist","TestCase2","","","test_login[user1]",""
"passed","Wed Jan 26 10:24:37 CST 2022","Wed Jan 26 10:24:38 CST 2022","1016","","test_xdist","TestCase2","","","test_login[user8]",""
"passed","Wed Jan 26 10:24:34 CST 2022","Wed Jan 26 10:24:35 CST 2022","1012","","test_xdist","TestCase1","","","test_baidu_search[e]",""
"passed","Wed Jan 26 10:24:37 CST 2022","Wed Jan 26 10:24:38 CST 2022","1016","","test_xdist","TestCase2","","","test_login[user10]",""
"passed","Wed Jan 26 10:24:35 CST 2022","Wed Jan 26 10:24:36 CST 2022","1006","","test_xdist","TestCase1","","","test_baidu_search[i]",""
"passed","Wed Jan 26 10:24:36 CST 2022","Wed Jan 26 10:24:37 CST 2022","1014","","test_xdist","TestCase2","","","test_login[user2]",""
"passed","Wed Jan 26 10:24:37 CST 2022","Wed Jan 26 10:24:38 CST 2022","1016","","test_xdist","TestCase2","","","test_login[user9]",""
"passed","Wed Jan 26 10:24:34 CST 2022","Wed Jan 26 10:24:35 CST 2022","1012","","test_xdist","TestCase1","","","test_baidu_search[d]",""
"passed","Wed Jan 26 10:24:37 CST 2022","Wed Jan 26 10:24:38 CST 2022","1016","","test_xdist","TestCase2","","","test_login[user7]",""
"passed","Wed Jan 26 10:24:34 CST 2022","Wed Jan 26 10:24:35 CST 2022","1012","","test_xdist","TestCase1","","","test_baidu_search[a]",""
"passed","Wed Jan 26 10:24:36 CST 2022","Wed Jan 26 10:24:37 CST 2022","1014","","test_xdist","TestCase2","","","test_login[user4]",""
"passed","Wed Jan 26 10:24:36 CST 2022","Wed Jan 26 10:24:37 CST 2022","1014","","test_xdist","TestCase2","","","test_login[user5]",""
"passed","Wed Jan 26 10:24:35 CST 2022","Wed Jan 26 10:24:36 CST 2022","1006","","test_xdist","TestCase1","","","test_baidu_search[f]",""
"passed","Wed Jan 26 10:24:37 CST 2022","Wed Jan 26 10:24:38 CST 2022","1001","","test_xdist","TestCase2","","","test_login[user6]",""
"passed","Wed Jan 26 10:24:34 CST 2022","Wed Jan 26 10:24:35 CST 2022","1012","","test_xdist","TestCase1","","","test_baidu_search[c]",""
"passed","Wed Jan 26 10:24:35 CST 2022","Wed Jan 26 10:24:36 CST 2022","1005","","test_xdist","TestCase1","","","test_baidu_search[j]",""
"passed","Wed Jan 26 10:24:36 CST 2022","Wed Jan 26 10:24:37 CST 2022","1014","","test_xdist","TestCase2","","","test_login[user3]",""
"passed","Wed Jan 26 10:24:35 CST 2022","Wed Jan 26 10:24:36 CST 2022","1009","","test_xdist","TestCase1","","","test_baidu_search[h]",""
